{"cameraMode":{"drawMode":0,"name":"Shaded","section":"Shading Mode"},"sceneLighting":true,"audioPlay":false,"sceneViewState":{"m_AlwaysRefresh":false,"showFog":true,"showSkybox":true,"showFlares":true,"showImageEffects":true,"showParticleSystems":true,"showVisualEffectGraphs":true,"m_FxEnabled":true},"in2DMode":false,"pivot":{"x":0.6020236611366272,"y":-13.519225120544434,"z":-27.833389282226564},"rotation":{"x":-0.007305878214538097,"y":0.9801880717277527,"z":-0.1929561197757721,"w":-0.034620556980371478},"size":34.385066986083987,"orthographic":false}