{"cameraMode":{"drawMode":0,"name":"Shaded","section":"Shading Mode"},"sceneLighting":true,"audioPlay":false,"sceneViewState":{"m_AlwaysRefresh":false,"showFog":true,"showSkybox":true,"showFlares":true,"showImageEffects":true,"showParticleSystems":true,"showVisualEffectGraphs":true,"m_FxEnabled":true},"in2DMode":false,"pivot":{"x":-0.17346814274787904,"y":2.580470561981201,"z":-1.6989229917526246},"rotation":{"x":0.0016431311378255487,"y":0.9865709543228149,"z":-0.16154593229293824,"w":0.0061059677973389629},"size":0.8660253882408142,"orthographic":false}