{"cameraMode":{"drawMode":0,"name":"Shaded","section":"Shading Mode"},"sceneLighting":true,"audioPlay":false,"sceneViewState":{"m_AlwaysRefresh":false,"showFog":true,"showSkybox":true,"showFlares":true,"showImageEffects":true,"showParticleSystems":true,"showVisualEffectGraphs":true,"m_FxEnabled":true},"in2DMode":false,"pivot":{"x":7.998359680175781,"y":0.38188210129737856,"z":12.840025901794434},"rotation":{"x":0.1552603840827942,"y":-0.10788317769765854,"z":0.01723100058734417,"w":0.9815769791603088},"size":15.800825119018555,"orthographic":false}