{"cameraMode":{"drawMode":0,"name":"Shaded","section":"Shading Mode"},"sceneLighting":false,"audioPlay":false,"sceneViewState":{"m_AlwaysRefresh":false,"showFog":true,"showSkybox":false,"showFlares":true,"showImageEffects":true,"showParticleSystems":true,"showVisualEffectGraphs":true,"m_FxEnabled":true},"in2DMode":false,"pivot":{"x":-0.6445850729942322,"y":2.518876314163208,"z":0.19563338160514832},"rotation":{"x":0.12951603531837464,"y":0.6668688058853149,"z":-0.11928411573171616,"w":0.724071741104126},"size":1.7320507764816285,"orthographic":false}